0,1,2,3,4,5,6,7,8,9,10,11,12,13,14,15,16,17,18,19,20,21,22,23,24,25,26,27,28,29,30,31,32,33,34,35,36,37,38,39,40,41,42,43,44,45,46,47,48,49
0.0075825597,-0.006108627,-0.009476287,-0.005956088,-0.0020914369,-0.0022416431,-0.008834874,-0.006364907,-0.0043161297,0.0007390952,-0.004666229,0.0030724967,0.0025149954,0.00627877,0.009725932,0.00702112,0.009723462,-0.0008154798,-0.0020769583,-0.00048127054,0.006421529,-0.007123683,-0.0059287823,0.00819832,-0.0023119228,-0.005882354,-0.00022312999,-0.009103468,-0.008078674,0.0058928416,0.00042119742,0.0066036284,0.009836994,-0.0076835644,-0.007721735,-0.0027365333,0.0035398377,0.006015326,0.0092658065,-0.004382255,-0.0037533564,0.0031103992,0.0032784343,0.009750148,0.0023486936,0.0026304745,-0.00261881,0.004525793,0.007880216,-0.004227409
-0.00652341,-0.00020637036,-0.0015656966,0.0022172856,0.0017241358,-0.0077984803,0.009639081,0.005938419,0.0075815227,-0.0033799207,-0.009424936,-0.009410079,0.008475768,0.004814936,0.0054577673,0.007179526,0.0050746547,0.007420715,-0.0038753075,0.0047032917,0.0015715301,0.005301629,0.0033190786,0.0060867155,0.0029995977,0.0017131674,-0.009885212,0.006299665,-0.0037436748,-0.0062416447,0.009390104,-0.0037303895,0.0028683161,0.005908483,0.0043466818,-0.0040298463,0.0024448084,0.007861571,-0.0014031476,-0.00951409,-0.009637061,0.0050681103,-0.0027978146,0.003511057,-0.006610155,0.0075836955,-0.008282466,0.0055958843,0.006948957,-0.005653659
0.007849954,0.005477568,0.0005879271,0.0091862595,-0.00027652323,-0.0012353093,-0.0072823716,0.001608938,-0.007955483,0.002789414,0.004539388,-0.0049554543,-0.007422966,0.0012852609,-0.00491461,-0.008201136,-0.0031394642,0.003010769,0.0038618885,-0.0015663397,0.0001795113,-0.004822362,-0.008254185,0.009808447,-0.0071777035,-0.00019882082,-0.0057285144,0.0061946763,-0.0070903087,-0.0024456466,-0.0041784346,-0.0016242594,0.0050048814,0.009484798,-0.0076336325,0.0035224592,0.006424583,-0.0062317746,-0.00063696684,-0.0041920207,0.0033035267,0.0062805796,0.004836677,0.0074683283,-0.005801456,-0.004998094,0.007299281,0.0032536208,-0.0024264883,0.008178737
-0.008056912,-0.0061339103,0.0055990387,-0.0026118492,0.009201135,0.008750311,0.004341522,-0.0015709341,-0.009604964,-0.007969634,-0.0034985226,0.004913421,0.007954054,-0.0016866279,-0.007345873,-0.0017028111,-0.0019763403,-0.0074099326,0.00646217,0.00019022226,0.004877005,0.0017764639,0.005057111,0.006640085,-0.00885892,0.0073264204,-0.0026304156,0.0012048387,-0.004984967,-0.008319301,0.002278031,-0.0019065153,0.008072388,-0.0010684389,0.007168976,0.0017560791,0.0022711433,-0.009927038,0.0022357404,0.0056234645,-0.0033883392,-0.0075008194,-0.003864866,-0.0008721787,0.00096565246,-0.0013753617,-0.0012725968,-0.007965503,-0.0026991253,-0.0049035936
-0.0059023798,-0.007595909,-0.0053462447,0.0076613487,-0.0035062665,0.0016581535,0.009506541,0.001823206,0.005328251,0.005555874,0.008300435,0.008787638,-0.008876721,0.0068701184,0.007984814,-0.0020879817,-0.0047776066,-0.003974191,-0.008522245,0.0011206401,-0.005959699,0.008323857,-0.0059522237,0.003639636,-0.007495738,0.005994071,-0.0042163217,-0.0031889833,0.006237979,-0.004616155,0.009925817,0.008340524,-0.0015252918,0.0011401045,0.0035553433,-0.0081210565,0.0017501235,-0.008856696,0.0087684365,-0.007894016,-0.0024280727,-0.009725628,-0.009120438,-0.005737132,-0.004382884,0.005002892,0.0045626936,0.0022342622,0.0076892674,-0.0073184464
-0.00016244352,0.0031937636,0.0054469896,0.008735556,0.0024729394,0.00064445497,-0.0050385916,-0.0004134375,-0.009747857,-0.0076554245,0.007908923,0.006528246,0.007161981,0.0060101617,0.0020350278,-0.0070278584,-0.00023217977,-0.0039408673,0.003926126,0.0010358858,0.0007712972,0.0012470388,-0.008001888,0.00151968,-0.005069962,-0.005971639,0.005687903,0.0034817958,-0.0050933207,-0.0062497924,0.006364912,-0.009984431,0.0003936434,-0.0035950863,0.0090631405,-0.0032232713,0.0031480575,0.005507746,0.005082103,0.009500582,0.0011524665,0.003686973,-0.0023915619,-0.005290978,0.009062099,0.0048558605,-0.009926335,0.0071308734,-0.008042607,0.007306951
0.0013742768,0.009172218,-0.0064011575,0.005529163,0.0057037044,0.001852839,0.0006421602,0.0010458302,-0.0018585509,0.008028056,-0.008997878,0.0070404913,0.0014605247,-0.00026430906,-0.0046921493,0.0037028147,-0.0010233092,0.003434621,-0.0035029072,-0.004865197,0.008883696,-0.0070753847,-0.0071007377,-0.0015759319,-0.00896775,-0.0040905024,-0.007988543,-0.001953538,-0.002453819,-0.0017289645,-0.0020603037,0.008812381,-0.008533772,0.0026264095,-0.00792414,0.002765162,0.004714738,-0.0034133482,0.0055748583,0.005003122,-0.0008838081,-0.006571309,-0.0018109137,-0.008553291,0.008640628,-0.00835608,0.0010825908,-0.0008338368,0.00859564,0.0024779
-0.0061821984,0.008881227,-0.0046486305,0.007692399,-0.008635122,-0.0018582707,0.007110809,0.0063282344,0.0072335815,0.0049608196,0.003983941,0.0049094986,-0.009343636,-0.004172276,-0.008358848,-0.003301578,0.008067492,-0.005035807,-0.008584841,-0.009029153,0.009303473,0.0052817333,0.0055003143,0.00057302235,0.005329058,0.005994527,0.0030494153,0.006451677,-0.008313376,-0.006256089,0.006339903,-0.0032774645,0.004949361,0.0051553417,0.0072555174,-0.005155207,0.0073661827,0.00941028,0.0031482459,0.0008451927,-0.0031116796,0.0077665974,0.0046069943,0.0073299967,-0.007482068,-0.0066768397,0.0019568026,-0.008423174,-0.009799763,0.00042873024
0.0038181841,-0.0026078583,-0.0002584976,0.005508996,0.009385019,0.0075671566,-0.0039525162,-0.009579131,0.007774875,0.0029784048,0.00882756,0.006926538,0.00921495,-0.0004776424,0.007539834,0.008436434,0.004874101,-0.002302506,-0.003208654,-0.00065317395,-0.0016190511,-0.0074404175,-0.0006597799,0.0024202263,0.00084357976,0.0032610178,-0.0024104721,-0.009758946,0.004926045,0.0048698806,-0.004186278,0.0072217034,0.0060427915,0.00387558,0.0052341996,0.0044673015,0.0007740748,0.0022205615,0.0020631957,-0.0048258626,0.008549355,-0.00023525595,0.0026297998,0.0059947325,-0.0049928953,0.007866286,0.00082145334,0.0010362363,0.007422216,-0.0077272183
0.00055271864,0.0018126416,0.0030681228,0.0059625697,0.0075230934,0.006571587,-0.008042654,-0.0070854854,0.0056949663,-0.0031870527,-0.0046458803,0.007600721,0.0003834486,-0.0024427015,-0.008398166,0.005566642,-0.0071825646,-0.0021920938,-0.0031472815,-0.00772707,-0.00091600715,8.790016e-05,0.0019525253,0.006571376,0.0012198198,0.00579043,-0.0026466078,-0.0097026415,-0.0066858293,0.007940884,0.0060847853,0.009452029,-0.0048056855,0.00933838,-0.0064586187,0.0029191184,0.008806599,-0.0065162485,-0.0029221743,-0.006477131,0.009296243,-0.005332932,-0.008896993,-0.0067561055,-0.0039211595,-0.008643891,-0.002862168,0.004482057,-0.0017398042,-0.004308473
0.0028277135,-0.008310784,0.0070278263,-0.0028669965,0.006638932,-0.009476326,-0.008189078,-0.0049420334,0.002187388,0.0026050615,0.00406979,0.002853762,0.008643564,-0.008968523,0.0019209862,0.00027047633,-0.0042164903,-0.00073538243,0.009067666,0.0032926928,0.005589579,0.0014775896,-0.005363896,-0.0064798417,-0.006863055,-0.0032266194,-0.0038350045,-0.0065123346,-0.0039178086,-0.0029765593,0.0008853066,0.0039616837,-0.009870641,-0.0069372742,-0.0049849506,0.009013026,-0.004149213,-0.0020416696,0.00988274,-0.006164604,-0.0048768693,-0.008439833,0.009176313,0.009796468,-0.0069272183,-0.0076107443,-0.0052194954,-0.009780633,0.0010690212,-0.008753251
0.0043969736,0.00909351,-0.0031003756,0.0008064926,-0.0017305166,-0.0049915486,0.008152247,0.0047766413,0.0075938953,-9.584427e-07,0.0071387338,-0.004240874,0.008557665,-0.009720991,0.009750425,-0.0032948512,0.0037714064,-0.008048434,-0.008387164,-0.0020425653,-0.007680403,-0.009707617,-0.0073143933,0.00090348837,0.002757858,-0.0049741603,0.005738399,-0.0027803148,0.003332206,0.008612776,0.009352339,-0.0078282645,-0.0058935224,0.0043945527,-0.004867279,-0.0011892783,-0.0032347727,-0.0014146912,0.0036393106,0.006554383,-0.008653491,0.006748955,-0.005300039,-0.0038617796,-0.0054896735,0.004961654,-0.0027781576,-0.0038259595,-0.0015703243,-0.0074332096
-0.009187759,-0.004921389,-0.004520765,0.00022066712,-0.004580522,-0.008553197,-0.00058368326,0.009967944,0.0061749746,-0.0051521743,0.008798587,-0.00789501,0.004334588,0.0032580686,0.00399438,0.0047902344,-0.008700789,0.005225662,-0.0069942176,-0.0029848004,0.0021311664,0.0033594836,-0.0061262776,0.0014243806,0.009056746,-0.0052235425,-0.0028918462,0.006430075,-0.008006994,-0.009350813,0.00315951,-0.00094702124,-0.0008790112,0.0064912844,0.0050630523,0.0007478118,0.005563383,-0.0038358897,-0.0032729255,-0.0032864243,-0.008997931,-0.005720947,-0.0070182895,0.0066219424,-0.009562066,0.00021223784,-0.005661194,0.00014163375,-0.008717863,0.0052295756
-0.008627353,0.009863245,-0.0038580233,-0.0076701357,0.0012894726,-0.0013901734,-0.004441153,-0.0058571994,-0.009340219,-0.0074350475,-0.0074229883,0.009063294,0.0015602278,0.0063284757,0.0017914629,0.008968742,0.0060059344,0.003119632,-0.00065224705,-0.009526548,-0.0040734746,-0.007581736,0.005064777,-0.00023591041,-0.009376691,-0.00051071524,-0.008901728,-0.002269634,-0.002310468,0.004333725,-0.00011132181,0.007582394,-0.0019066525,0.0019308984,-0.008868993,0.006195048,-0.005466312,0.0009557688,0.0049160253,0.0064956998,-0.0025749623,0.0027180624,0.00930497,0.0018342269,0.00538837,0.0074484395,-0.0047880467,-0.0013495439,0.0075575616,-0.0017153752
0.0048090853,0.0009608054,0.009695057,-0.0032860583,-0.0033449507,0.0056327856,0.0036113262,-0.005456724,0.007354461,0.0031603265,-0.0016613525,0.0038169432,-0.0073128,-0.0050725387,0.00074156525,-0.0009133065,-0.007017711,-0.0064281416,-0.0031321514,0.004902153,0.003984654,-0.005276735,0.009039585,0.00960473,0.0037472725,0.00817955,-0.005669268,-0.001620028,0.0058109667,0.0062851836,-0.004280129,-0.0027440668,-0.0063370396,-0.00061319233,0.0017139041,0.0059809806,0.007018585,0.0073792133,0.008835753,-0.0072764074,-0.009861079,-8.27831e-05,-0.0075981594,-0.008983471,-0.00914283,0.009299469,-0.0056834426,-0.002498728,0.009385806,-0.009229188
-0.009590607,5.0429106e-05,9.7247364e-05,-0.005476354,-0.0052012946,-0.0026071006,-0.009620534,0.008619462,0.006080172,-0.0037983274,0.0028255295,-0.00046610177,0.0077530122,-0.009460305,-0.006351445,0.0024858403,-0.0056065414,0.0007992852,-0.005535042,0.0058900835,0.00910309,-0.00030992567,0.0011794055,0.00606863,0.007722734,0.0032801472,0.008952491,-0.0042231376,0.008686057,-0.004214741,-0.006061579,-0.003762682,0.0024039424,-0.009077266,-0.0057873647,-0.009472612,-0.0058875545,0.0097279735,-0.005819486,-0.009417926,0.0074066734,-0.0027563022,-0.005964171,0.0042859768,-0.0007475305,0.0006186259,-0.0050221407,-0.0011598307,-0.004774523,-0.0009192813
-0.0073487666,0.00944182,0.00010013222,0.007011156,-0.0051920675,0.0028477109,0.009896877,0.004334816,0.0026571227,0.0028447032,0.0062874295,-0.0003395456,-0.002085424,-0.009369832,-0.008276819,-0.007656237,-0.002962004,-0.00096060516,-0.008889212,-0.00096571265,0.008385327,-0.00020255268,0.008107492,-0.006703377,0.00077220204,0.006220367,0.0063471985,-0.0059873774,-0.007215932,0.004499476,-0.003292197,-0.00922079,0.0063698306,-0.009836622,-0.009431482,-0.00819363,0.006232444,0.009037722,-0.0058310307,0.007832587,0.0004698789,-0.004791473,0.008216052,0.00011802078,-0.007793211,0.009557842,0.009211795,-0.005408649,-0.005485912,-0.0068427343
0.0038508845,0.0054580807,-0.0038347018,0.007850671,0.005303116,-0.0069604944,0.0063069356,-0.0024993313,-0.007514088,0.0073665855,-0.009165418,0.006847601,-0.0073220003,-0.0021929538,-0.0094112735,-0.0021382445,0.0025496613,-0.006887744,-0.0064277602,0.007544799,-2.4612546e-05,0.0074440693,0.0030127584,0.007988112,0.0077239694,-0.0024305081,0.0040995968,-0.0032492233,0.005433104,0.009297604,-0.0045127636,0.009094294,-0.008421577,-0.004326465,-0.008910419,-0.003383001,-0.008277818,0.008072582,-0.0022549534,0.002601564,-0.009145507,-0.00085833314,-0.00034971,-0.004985866,-0.00789598,0.002144686,0.00022573471,0.0020917475,0.00059627293,0.009278089
0.0019527233,0.004449433,-0.005822232,-0.0064977277,-0.0020585763,0.007716739,0.0078074397,0.00839132,-0.004855069,-0.0007598913,0.000573132,-0.00426743,-0.0013173735,0.0062084924,-0.002170384,0.00077162863,-0.0016919458,0.003999568,0.0030994285,-0.0012756198,0.0011675835,0.00030889153,0.008313395,0.007798749,-0.008256616,0.008503986,-0.0021834946,-0.00023588717,0.002581047,0.004449401,0.005367385,0.0010991228,-0.00070628105,-0.0023808086,0.0097482195,-0.0057063606,0.006574503,-0.0068565677,0.0069689658,0.003193654,0.0030384886,-0.0064299335,0.0079143355,0.0066210865,-0.009996944,-0.0006085813,-0.0005305141,-0.0030858892,0.0020123601,-0.0069484715
-0.009414991,0.00945561,-0.004732473,0.0024569463,-0.00931562,-0.00655174,0.0021975457,-0.009956289,-0.00034374,-0.009533372,0.004116702,0.0052407384,-0.003439948,0.003207817,0.0021609236,-0.0035961277,0.0048147943,-0.009885658,0.0069127856,-0.005725973,-0.004414955,-0.006691531,-0.001544509,-0.0070920205,-0.008076394,0.0049973987,-0.0018260842,0.004572341,0.005789163,0.0070684636,-0.005815399,0.006260781,-0.009490809,0.0072486065,0.0070018563,0.00035006882,0.00036718367,0.006190207,0.006998955,-0.00752712,-0.006355165,-0.00054215966,-0.0020374197,-0.0013117963,0.0054721297,0.0018560374,0.009704772,0.0067749466,0.006395415,0.0071669505
0.004814776,-0.0047526485,-0.0061638625,-0.0081001,-0.009009135,0.0023720395,-0.0051310407,-0.008877109,0.009814379,-0.0046047093,0.007167703,-0.0013868457,0.0028872658,0.007016933,0.0031352032,0.009548834,-0.0056121005,-0.00076550303,0.008858732,0.008953967,-0.007569062,0.0078299465,0.0043886937,0.00818797,-0.006911957,-0.0043059783,0.0021741902,0.0035910858,0.00850437,-0.0072755,0.00583727,0.008223619,-0.0027531362,-0.0061324253,-0.0026383407,-0.006218054,0.00956526,-0.0050170016,-0.0048670005,-0.008825131,0.002101965,-0.006827946,0.0023754954,-0.0009518361,-0.007097585,0.005331024,0.0097491015,-0.0030311996,-0.0016246986,0.00057360413
-0.009062366,-0.0049578245,-0.004053125,-0.001731795,-0.008325094,-0.004071619,0.00081077695,-0.009496137,-0.008655953,0.001562773,-0.0098788105,0.0058869864,0.0043732286,0.009475304,-0.00452108,0.0067985416,0.005345949,-0.004626163,0.0030689882,-0.0018964523,-0.007654899,-0.009500026,-0.0058407355,-0.0045616156,-0.0015039635,0.0053568305,-0.0031886243,0.003756597,-0.007931715,-0.009267021,0.0018801712,-0.00069459557,0.0033203077,-0.0053701713,-0.0033060103,0.002466637,0.0063396227,0.008924033,0.0008798921,0.008125781,0.0018917966,-0.009787642,-0.00753124,-0.004206112,0.0035549952,0.0077006244,-0.0046687215,-0.0034870517,-0.0007424474,0.0033067942
-0.008547704,0.0013842845,-0.009221955,-0.0022680496,-0.0022450602,0.0018484961,0.0025910663,-0.0036539657,0.0035300779,0.00088147045,0.0057208515,-0.005827514,0.003209132,-0.0007748127,-0.009263357,0.0026317178,0.0022301162,-0.00638592,0.0013721454,-0.0073657744,-0.0085291015,0.007354196,-0.003639003,-0.003299001,0.006187321,-0.0031688982,0.006576902,-0.007394599,-0.002603976,0.007957847,0.0028209938,0.0056239297,0.005558915,0.002898612,-0.0022766488,0.0063913977,0.0042097843,0.003958206,0.0020418966,0.00023774029,-0.00012595415,0.0041785263,-0.0034199334,-0.0070581418,0.0048339902,-0.005899122,0.0032845556,0.009165288,-0.007694158,0.008931465
0.005541966,-0.00303298,-0.00747664,0.008846736,-0.0024872415,0.009131169,0.006282655,-0.004637314,-0.009331754,0.0042890464,-0.0013278639,0.008925697,-0.008694256,-0.00881157,0.0021471048,0.0052997433,0.0036327576,0.0068326974,0.009162954,-0.0031087066,-0.0046646018,0.008274185,-0.0025720508,0.004804298,-0.005127956,-0.00045328558,0.0024201118,0.0010426581,-0.00063608406,0.0090544,0.0011088573,0.007900477,-0.0009397471,0.007258457,0.0015575528,-0.0031503974,-0.0066258204,-0.005364097,-0.0012258715,0.002491423,-0.008469478,0.0017209947,-0.0066533647,-0.0095868185,0.009514922,0.009468832,-0.00630565,-0.0033324016,-0.0016346991,-0.004661501
0.007809645,0.008324529,0.0006664753,-0.00047052265,-0.004099857,-0.005277102,0.0006406081,0.00209437,-0.00975624,-0.002075482,0.0017470932,0.0005175948,0.0094586825,-0.004115039,-0.004881823,-0.008018721,-0.009592836,-0.007766639,0.000134269,0.0035450386,0.005159061,0.0020947338,0.001171434,-0.00450263,2.2513866e-05,-0.0042114626,0.004840121,3.6087036e-05,0.00943746,0.0058822786,-0.0073487544,0.0054806615,-0.0014723003,0.0031292832,-0.003449866,0.002864945,-0.0008660811,0.006539179,-0.0076026423,-0.0059264414,0.0060288454,-0.0026363856,0.0021800494,-0.00978105,-0.0036860495,0.00658994,-0.006383666,0.0056996574,-0.009315466,0.00730965
0.006110927,-0.0018097359,0.0076258327,0.007446314,-0.0026654792,-0.0034144365,0.004023662,-0.009979183,-0.0050001633,-0.0045920317,-0.008653554,0.001404413,0.0034770346,-0.009143204,0.0051709497,0.0060200463,0.002488928,-0.0026751244,0.009430397,-0.008439106,0.007654456,-0.0025692899,0.0015773535,-0.0067697936,0.00822069,0.0008566129,0.0035208594,0.009038822,0.008511887,-0.00080848875,-0.005089639,0.007641443,0.0012857151,-0.004697395,0.0049958597,-0.0027792335,0.0032999718,-0.008878709,-0.00801931,0.007148677,-0.0077688587,0.009318207,0.0044411183,0.0031745278,0.0048448076,0.00726107,0.0022624696,0.0066415085,0.00861015,0.0070846286
-0.0062529994,-0.00044301807,0.0042988346,0.0015453016,0.000693475,-0.0073411465,0.0053060283,0.0005366206,-0.0031829549,0.004531611,-0.00449283,-0.0043658935,0.0059731244,0.0044706655,-0.0029648787,-0.0046343403,0.004257598,-0.008842858,0.007920256,0.009422012,-0.009982613,-0.002876537,-0.008195337,0.006019548,0.0047318973,0.0031475734,0.0003124082,0.006712135,-0.0008310962,-0.0067630126,-0.0050244452,-0.009779145,-0.007830996,-0.009694749,0.00022429824,0.0005905533,0.0062081623,0.0017740965,-0.0064741434,0.0066870092,-0.0031987738,0.0022229075,0.003580743,-0.007085587,0.0005791712,-0.009536921,0.0026177133,-0.00016768635,-0.0039907964,0.004531509
0.0024872578,0.0073873233,-0.005243969,0.0029887855,0.008323167,0.00032956956,-0.0036173325,-0.005523366,-0.0034174323,-0.0023871583,-0.0039266157,0.00792949,0.002590332,-0.008674342,0.0032978524,-0.00026423216,-0.0071254415,-0.0030011458,-0.0001573354,-0.004841835,0.00041044832,0.0075594056,-0.00083234074,-0.0022029579,-0.0029215175,-0.0079893675,-0.0072100936,0.0013214314,-0.0079526305,-0.006118245,0.0026826228,0.0061772633,0.009654451,-0.008646494,0.009348167,-0.002960087,-0.0052525634,-0.0052296496,0.0048123347,-0.0032149786,0.005868993,0.00045297027,-0.0073838397,-3.2312273e-05,0.005636226,-0.004358946,0.0018027627,0.008708047,-0.008917009,0.005101553
-0.0031265158,-0.002355113,-0.0069107604,0.0039272965,0.00015184045,0.0023899567,2.413869e-05,-0.002663905,0.0010637534,0.0035244978,0.0013790965,0.0049849167,-0.0008164883,0.004013245,0.009687602,0.008706375,0.00043508768,0.0072606085,0.008726361,-0.0020805842,0.004607774,-0.0033480173,0.008872861,-0.0024700284,-0.006931956,-0.0023671966,0.0013514769,0.0070035434,0.003893006,-0.007256318,-0.0056100534,-0.0076155607,0.008493398,-0.0090153115,0.0020366085,0.0024370647,0.0052729915,-0.0020076162,0.004616878,0.0065244506,0.00984915,-0.00088285265,0.008913581,-0.009956551,-0.0038338208,0.008946749,0.0029159142,0.0017117285,0.003359127,-0.007919217
0.0047262134,0.0048676194,0.0041241692,0.0067800893,0.0009423411,-0.0075970306,0.004353504,0.0076160873,-0.00061231613,-0.0034464407,0.009388451,0.00037054063,-0.00795576,0.0008304358,-0.0086324625,0.008868169,0.009702089,0.0036668885,-0.0039092074,-0.007926431,0.0015330494,-0.0026763869,0.008725213,0.0099434825,-0.0020523083,-0.005418899,0.005333387,0.0077126254,0.0068604182,0.006690464,0.0052256286,-0.004674984,0.0032405544,0.0037001467,-0.0067817126,0.002832036,0.0030334436,-0.0028242338,-0.0016238034,0.004880673,-0.0022278219,-0.001685217,0.006117557,-0.009326798,-0.006080464,-0.004782949,-0.006797081,-0.0054680123,-0.001324948,-0.0067226505
0.008792183,0.00853403,-0.0073880143,-0.0011553908,0.0058744694,0.0059733186,0.009083677,-0.004603199,-0.008341815,-0.0050555086,-0.0026670534,0.00912023,0.003487059,-0.0064167595,-0.0044831377,-0.0050382805,-0.0059517818,0.0029857147,0.0099947415,0.00046596766,-0.0060429173,-0.0015657181,-0.0002823186,0.0075691356,-0.0023279733,0.007077874,-0.0007609212,-0.00081699016,0.002832557,-0.0002628559,0.005658901,-0.0018874764,0.0007952404,-0.007629795,-0.0023855222,0.008928243,-0.008617307,0.0041189883,0.0016480386,-0.0016676271,0.0026496397,-0.0006868392,-0.0067485757,-0.00948259,0.0006719768,-0.0024398898,0.0038441634,-0.008507382,-0.005758654,0.005676744
0.0063116513,-0.003924736,-0.000795846,-0.0028197616,-0.0021280807,0.0070374524,-0.004015388,-0.00498735,-0.0018278933,0.0030829716,-0.0064592594,-0.005884594,0.0083515225,0.009289286,0.008296106,-0.0011973912,0.0005018735,0.008459431,0.0033970547,0.004406443,0.0052915,-0.0004208076,-0.004801343,-0.00083176134,0.0056155086,0.0016512466,0.00722337,0.0043022167,-0.007004353,-0.003828929,-0.0071813692,0.0009867382,-0.0066111,-0.0013489884,0.0065816464,-0.0026919055,0.007178298,-0.0048578884,0.0009321296,0.006322124,0.0049231146,0.008917263,-0.0032078463,-0.00089949847,-0.00047876,0.003910631,-0.005036739,-0.0019859076,-0.007868547,0.0065008844
0.0030660473,0.005259005,-0.0017419094,-0.003066675,0.0006067145,-0.0074707796,-0.0047629056,-0.0036107975,0.0052234246,0.004839778,0.008753137,0.0014555001,-0.0070694457,-0.006875924,-0.005510745,0.00718663,-0.001917302,0.0003277266,0.002245028,-0.002020539,-0.0063559045,-0.0040668636,-0.004382543,-0.008603444,0.003500483,-0.00023918867,-0.005638727,-0.0043593417,-0.0028917892,-0.0016784227,-0.0011802996,0.0024282932,-0.0033709006,0.0026773298,0.004974304,-0.00947309,0.0005873477,0.004978131,0.008833586,-0.008597747,0.0080098845,-0.008414731,0.002554394,0.0006310403,0.00072532415,-0.0009698629,0.00029109954,-0.009457883,-0.003414268,-0.0011068619
-0.00058757426,-0.0044457195,0.0046696234,0.008726128,-0.007307862,0.009539041,-0.00049160304,0.001778922,0.006622448,0.0054002656,0.005627868,-0.005380858,-0.0050692763,-0.0010343217,0.0046919286,0.007483056,-0.00202062,-0.009935791,0.0071751163,0.007130635,-0.0015085775,0.0033064198,0.0053087985,1.2552739e-05,-0.006401068,0.0029144967,5.9974194e-05,0.0003640926,0.0058294726,-0.006468984,0.0032239377,-0.0012815237,-0.009160886,-0.0035051035,-0.0073875077,0.0049194586,-0.005261185,-0.0054821097,-0.0069657248,0.00735082,0.003297813,-0.0074190046,0.0013309396,0.008887876,0.0019975079,0.0061854543,-0.0021540981,-0.009942884,0.0021040917,-0.0027777862
-0.0011618244,-0.008690113,-0.0029272456,0.0015781904,0.0027712726,-0.0051573897,-0.005684054,-0.0054179337,0.0027349687,-0.00717433,0.0048534847,-0.007614314,-0.005675939,0.002670915,-0.002124073,-0.007884754,-0.0059355195,0.007342411,-0.004560089,-0.0058658705,-0.0019546133,0.0065673445,0.009585525,-0.003205579,-0.00090070185,0.002041999,0.0019752728,-0.006193576,-0.00038353621,0.0048463535,0.0067816293,0.008915881,0.0015474606,-0.00659705,-0.0008747071,0.0041741934,-0.0011101871,0.0018548203,-0.0051251305,0.0058328602,-0.0050797416,0.003017322,0.0088323485,-0.003425225,-0.0007495439,-0.0042322795,-0.0022488148,0.0020261956,0.0033355905,-0.001126002
0.0044521163,0.0002654183,0.004711697,0.006116295,0.0014473475,-0.0024698817,0.009715383,-0.008800497,-0.009425648,0.0052943886,-0.0021898318,0.008629092,0.0023572468,0.007922436,0.008853984,-0.0049841655,-0.0046754153,-0.006747929,0.007184203,0.009594986,0.003822391,-0.0043506967,0.0052721095,0.0036781717,-0.0039109117,0.00783208,0.0050053084,0.002554884,0.0036182904,-0.00037027418,0.00085606816,-0.003713622,-0.005602785,-0.0077108014,0.007696098,-0.008481651,0.0019154262,-0.0065852036,0.0033023453,-0.0066265576,-0.0025971578,0.0052307234,-0.007083286,0.0053908587,0.0022729372,-0.0038280904,-0.0036361432,0.008557284,-0.0012047935,0.0012106788
-0.003422537,0.0013857436,-0.005747167,0.007257165,0.008159638,-0.0054646707,0.005206789,-0.00067465904,-0.0041998886,-0.0039369254,0.008211017,0.005717982,0.004911363,0.0021985269,-0.00953778,-0.0059346384,-0.0028167241,-0.009678672,0.003919673,0.0055876398,-0.0062667383,-0.008342813,0.0032758557,0.0060148085,-0.0093788495,-0.009599134,0.0064379848,0.008860412,-0.0055382913,0.0041100155,0.009843426,-0.0054636644,0.0073759486,0.004511986,-0.008849035,0.0019564866,-0.008553589,0.008534063,0.005312066,-0.009874237,-0.006911127,0.0053976285,-0.008681345,0.0003341806,0.0072362577,0.0045301914,-0.0069103027,0.0035156237,-0.0016328973,-0.004050019
0.0027806628,-0.0029105903,0.003996954,-0.006385807,-0.0027832019,0.0045162775,0.006235224,0.009137793,-0.0023259085,-0.008755158,0.001120702,-0.008428011,-0.0025708072,0.0018526209,0.0014983916,-0.004372688,-0.001931653,0.0095298365,-0.0070349895,-0.00020939649,-0.0005328679,0.009436705,0.003079952,-0.008784948,-0.0078065423,-0.0013929051,-0.004222168,0.0055156886,-0.0050141104,-0.00033476294,-0.0040440573,-0.00333641,0.006246575,0.008110361,-0.0066521335,0.0024651075,0.007322131,0.00036301254,-0.006583539,-0.00919548,-0.0057289638,-0.00501447,-0.009027518,-0.0007683188,0.0020265735,-0.004207438,-0.0034955316,-0.0070765256,0.00929981,-0.008954925
-0.0065655964,-0.00057805004,0.0059552994,-0.0055481475,0.0064947675,-0.0005387062,-0.002465049,0.0011015213,-0.003645041,-0.006918862,0.0034322322,0.006962929,-0.0037261213,0.0080254,0.0045565055,-0.0036048251,0.007893647,0.009386399,-0.007314563,-0.0016736621,-0.00015460968,-0.005018494,0.006278106,0.00684762,0.007677715,-0.001469329,0.007879922,-0.0031394595,-0.0067814533,-0.0049272794,0.004278057,-0.0027434856,0.002834084,-0.0038239383,0.004066501,0.005045018,0.00886405,-0.0005473548,0.0069685136,0.0043601645,-0.0047007175,0.00089190126,-0.001851986,-0.0018174094,0.0069567515,-0.0014996416,0.008516751,-0.0063816514,0.007076893,-0.009215
-0.0063250875,0.006131334,-0.009666207,-0.0057773464,-0.009009145,-0.0017267293,0.0074869646,-0.0061715674,-0.0017417287,-7.538974e-05,-0.0049561127,0.003354,-0.008513096,-0.0055733216,-0.0045054657,0.009270912,0.0034065605,-0.005463306,0.009133599,-0.008613334,-0.0007466394,-0.0047997264,0.004893322,-0.00038088261,-0.00771984,0.006553291,0.00703387,0.0032169772,0.008246894,0.00035982608,-0.00903042,-0.007398542,0.0062150573,0.0056807064,0.0030083323,-0.0040291916,0.0024790121,-0.0019850612,0.0017805767,-0.009477616,-0.00038945317,0.006063725,-0.0074774204,-0.009402787,0.005308888,-0.0069164694,0.0014706481,-0.0014132624,-0.0064929784,0.0034212768
-0.0035208857,-0.00621017,0.002732203,-0.001055054,-0.002591874,-0.0061990507,-3.778577e-05,-0.009635922,0.0049244724,0.003943461,0.0050697937,0.0065120887,0.00083013537,0.009582281,0.0069306754,-0.006519235,0.0014513779,-0.00426434,0.0008178282,0.007845484,0.0017476785,0.005693334,-0.002138403,-4.419267e-05,0.003257178,-0.0059024952,0.00021883607,-0.00076579273,0.005747442,-0.006550033,-0.0021466464,0.001603061,0.0063217008,-0.006056858,0.007785405,-0.008600968,0.0033361614,0.0014126098,-0.004648428,0.002964617,0.007379655,0.0034503639,0.002037003,-0.008813122,0.0019793296,-0.009353208,0.0043407227,-0.001951642,-0.00836219,-0.0065709506
-0.008598479,-0.0075529395,0.008986404,0.0031697226,-0.005820894,-0.007982238,0.002388159,0.0030001772,-0.0064720176,0.0016459179,-0.007901414,0.007864206,-0.0012689936,0.007918148,-0.0040718005,-0.006975446,0.003052715,0.0055571245,0.007336122,-0.0034774095,-0.0022770686,-0.00048175812,0.0045095133,0.008500614,-0.006787467,0.0032298076,-0.00056868733,0.0032206548,-0.005571985,-0.005045563,-0.0031109387,-0.009716288,0.0012856984,-0.008119506,0.0032868148,-0.00881099,0.0018230092,0.009705051,0.004850384,-0.0029675066,-0.0034366166,0.0021902728,-0.0016847826,0.008892158,-0.0009790307,-0.00025224805,-0.0021242572,0.000570848,-0.0005454886,0.0064763045
-0.007132077,-0.004736873,-0.002250362,0.006618742,0.008323875,-0.0063582803,-0.009415124,0.003561107,0.002240429,0.009211524,-0.0046438593,0.005540806,-0.0028923934,0.002051314,-0.0028877007,0.0086723175,0.0023783767,0.0083675375,-0.0033175235,0.00032732845,0.0052256025,0.007719238,-0.0050556767,-0.0015069651,0.0028067017,-0.008663533,-0.008486304,0.0019185757,0.0018234134,0.004854537,-0.0064542904,0.00027334093,0.009963687,-0.0070514763,0.0048376475,0.0063171266,0.009779463,0.0030305171,-0.009606081,-0.0029707951,-0.0031376542,0.0017813683,-0.0008452958,0.007287762,0.0024389767,0.007889646,-0.0056321584,-0.0040179994,0.0014623237,-0.0019354665
0.0062740482,-0.0017974793,-0.0034239804,-0.0006237173,-0.0033228188,-0.006908154,-0.0059283255,0.0063111447,-0.0037732804,-0.003800535,-0.008382523,0.0023816144,0.004080118,-0.003878811,-0.002607401,-0.0027862573,-0.0077908975,0.008210851,-0.008480578,0.0043688966,-0.009265826,-2.3777486e-05,-0.006445837,-0.007149381,-0.009296504,0.0075085666,-0.008964436,0.008772889,0.0074908696,0.008618417,-0.006908225,-0.007953626,0.0050631654,-0.0009868657,0.0036577594,-0.009250673,0.007401817,-0.0046074735,0.0072434507,0.0044109058,-0.003788513,0.0012115741,0.00064245344,-0.009726504,-0.0055567883,-0.0070593287,-0.004898444,0.0012613392,-0.0048632924,0.0025663532
-0.008796143,-0.0031421548,-0.00898415,-0.003443269,-0.0035704994,0.008779074,-0.0036016023,-0.007863156,0.0072324695,0.0072973524,0.006007526,-0.0037043886,0.0007018256,-4.6690704e-05,-0.005796155,-0.0021947473,0.00094839575,-0.0056750653,0.009716282,-0.008669819,0.00010394335,-0.008816458,-0.009563799,-0.00012062371,-0.0019387752,0.0037908386,-0.006006513,-0.0029286868,0.0021846532,0.00694005,0.009213761,0.0069277156,0.0077748895,-0.00019046008,-0.00094026804,-0.0074105174,0.0014773571,0.009357959,-0.0046893703,0.0007106483,-0.0004820913,-0.0047541945,-0.0025218083,-0.009601381,1.9466877e-06,-0.001946395,0.0072937203,0.0058302735,0.007422879,-0.009466543
0.008605864,-0.0064052083,-0.0035259651,0.006407237,-0.006165688,-0.0019124323,0.009258142,0.000204494,-0.0034163177,0.0077836956,0.009921291,-0.0029372722,-0.003563038,0.00016730666,-0.0026902044,0.005984874,-0.004163606,-0.009817015,-0.009550064,-0.0027707273,0.007910575,0.008509162,0.007509947,-0.007269912,-0.0028779674,0.008532183,-0.0023517304,-0.0043799374,-0.008332417,-0.008651566,-0.0068743513,-0.0047704475,0.009843554,-0.0010279167,0.0046997773,0.00033508777,-0.0036502962,-0.0063341646,-0.0033948165,-0.0005147845,-0.003325637,-0.0035898131,-0.007974464,-0.005722114,-0.0023996932,0.0076980605,0.0047664773,-0.0024015051,-0.006297557,0.0038323307
-0.007812511,0.0005458808,0.002235322,-0.0016742027,0.0016975999,0.006091243,0.0062948596,-0.0049140193,0.0073722135,-0.0066554057,-0.005046794,0.0060148034,0.0084527545,0.006045846,0.0025836611,-0.009477159,0.0067333602,0.0066041052,-0.005425072,-3.6568643e-05,0.0059108757,-0.003180625,-0.004522374,0.009523055,-0.008850091,-0.0042218245,0.0098205125,0.0035400987,0.0021616947,0.0021949254,0.0012541044,-0.0012576448,0.009647157,-0.006256132,0.003776914,0.0015990746,-0.0066087036,0.0004076004,0.0060982285,0.002034676,-0.007541629,-0.0057162507,0.008268872,0.00020017862,0.0013015509,0.0061818315,0.0019130909,0.0031805849,-0.0051218746,0.0062534977
-0.0072123646,0.0061575067,-0.0024801325,0.0011655283,-0.0041573597,-6.412983e-05,0.00975864,-0.006175872,0.0069972933,0.007863678,0.0027505017,-0.0013132966,-0.008078644,0.0030839562,0.009002638,-0.00953135,0.0064902045,0.005359837,0.0005434012,-0.0041956985,-0.009896307,0.008843129,0.00333009,-0.0020663876,0.0016182172,-0.005594749,-0.0034600592,0.003984127,-0.0009796333,0.008203178,0.0015472007,-0.00071974454,-0.006777531,-0.0055548525,-0.0024183553,-0.0039019757,0.0036432063,-0.004366644,-0.00080782594,-0.0019085526,-0.0076294355,-0.00019584894,0.008229391,0.0015301991,-0.008075711,0.00040381192,0.0011708796,-0.0022832835,-0.008013665,0.0091561815
0.0025097895,0.0064071477,0.0008335674,-0.002983159,-0.007817736,0.0032944405,-0.0051292316,-0.009704439,0.009943783,0.0071460735,0.0030140865,-0.0013950228,0.0030190395,-0.004765544,0.009947299,0.005803468,-0.0037459158,-0.008403185,0.0022873997,0.005912056,0.0017983199,0.0068637226,0.001057955,-0.0040233214,0.007255181,0.007968727,0.0032637406,0.0044988454,-0.009792689,0.00017166138,-0.007950169,0.0035698926,-0.009749829,-0.006777605,-0.009847401,-0.0018313176,0.0024224757,-0.0070073023,-0.002271635,0.0011967444,-0.0006724155,-0.0049350043,-0.0005646181,0.0037732243,0.005603361,0.0073303212,-0.006330003,-0.007868857,0.0018181634,0.0075924136
-0.0013017511,-0.007010591,-0.004185692,0.0023872508,-0.009880192,0.0035904776,-0.002305889,-0.009400367,0.00087774155,-0.009544537,-2.5851727e-05,-0.0002804935,7.292509e-05,-0.0096434215,0.0028110193,-0.007223711,-0.0043479325,-0.0069137644,0.001995505,-0.0027987326,-0.006459753,-0.00716457,-0.00011277199,-0.002908448,-0.0063032303,-0.0025444948,0.0097893905,-0.0041695,0.008192136,-0.0063455533,0.0056689917,0.0056905593,-0.0005234033,0.0069651497,-0.0075318385,0.008487318,0.00907904,0.0034656858,-0.0010872287,-0.009215731,-0.003722586,0.0061670635,0.004478446,0.004655032,0.0061937068,0.007653102,-0.0044919634,0.006774429,-0.0036778874,0.00831102
0.0069407797,0.008653337,-0.005158469,-0.009876181,0.000115537645,-0.0006991428,0.008063005,-0.004979949,-0.0077776415,0.0017233002,0.00844233,-0.005156389,0.008465751,-0.00011628568,-0.0032823079,-0.00055247487,0.0016977978,-0.005182481,0.008896211,0.009119624,-0.007524795,0.006292889,0.0055767214,-0.008721922,0.0024716007,-0.0023853374,-0.009209414,5.1932337e-05,8.487821e-05,0.0099052945,-0.0084404955,-0.008026081,-0.0077451398,-0.007336391,0.004469472,-0.005032874,0.006483153,0.009871643,0.005460788,-0.0042885803,0.0038724232,0.0075946734,-0.007048605,0.002346064,0.0012821328,-0.004120544,-0.0056748986,-0.00016976296,0.0074072005,0.000511142
0.0055754147,0.0029524518,-0.0035112977,0.0034956753,-0.0034396725,-0.006606586,-0.0018010086,0.0037078655,0.0054152813,0.0098792855,-0.007849948,-0.00062316837,-0.00971872,-0.0018900323,0.0079039605,-0.009664648,-0.008558746,0.0055140806,0.009782691,-0.00033756852,0.0068871067,-0.00065449654,-0.0024246008,5.4194927e-05,0.0010202682,0.002647221,0.005082693,-0.0016057068,-0.00068550766,0.0055959714,-0.0012156379,-0.0010928708,0.007908586,-0.0062337015,0.005171752,0.0075468277,-0.0033966429,-0.0022046429,0.006737521,-0.008715047,0.007874911,-0.0030355824,-0.0012800103,-0.000995242,-0.005741998,0.0008023989,0.0012485612,-0.002156682,0.008986554,-0.0008363402
-0.002422421,-0.0038479555,0.008308313,-0.0026363872,0.0098091075,-0.0015839362,-0.0055858274,0.009153073,0.008283786,-0.008522465,-0.0020498056,0.00809553,0.008769202,0.0040717805,-0.005025585,-0.0006192738,-0.00866829,-0.0054268884,-0.00067442656,0.002364651,0.009381476,-0.0018888384,0.009959454,-0.0040412974,0.003172171,0.008361,-0.0021079802,-0.00083278655,-8.839548e-05,0.007560321,-0.0027622902,0.0031461501,0.0064086164,-0.0006117517,-0.008280415,0.004931573,0.004999374,-0.00970896,0.006000036,-0.0030742234,0.00040733218,0.00226074,-0.00018601,0.002561872,-0.0023874526,-0.0059210863,0.009794218,0.008264525,-0.0062477263,0.007149284
-0.0014952171,0.0012754941,0.002890898,0.0038239395,-0.006120816,-0.0015210689,0.0014205754,-0.009394089,0.0071844794,-0.003004024,-0.008058673,0.006454965,0.008210585,0.009336113,-0.004587639,0.00770952,0.002146709,0.0010023249,0.007139411,0.0024890339,-0.0066460795,-0.0026035202,-0.008196524,0.0016861439,-0.0085324785,-0.0011509687,0.007097676,0.0020552862,-0.0075808237,0.0063954866,0.0060329423,-0.00015842378,0.0032131183,-0.00643571,0.008861385,0.0042348015,-0.00065441313,0.007094213,0.0016007114,-0.001411506,-0.0051049264,0.0056873467,-0.008648648,-0.000510748,-0.00086811243,-0.005199305,0.002615254,0.0029164897,-0.0035452736,0.0072804857
0.0038092388,0.009959955,0.0029873753,-0.0036096144,0.009900397,-0.0070366277,-0.008133335,-0.00523471,0.0036968745,0.0073002637,-0.00892334,0.0038858973,-0.002535245,-0.0049807597,-0.0030588733,-0.004912862,0.009129474,0.005288069,0.006549746,0.008776499,-0.006436193,0.009956203,0.008903576,0.008074683,-0.0033202332,-0.009300601,0.0059016766,-0.0029356503,-0.0032575387,0.0011738455,0.006575291,-0.0064753364,-0.0044836276,-0.0021573687,0.0058338,-0.0018014276,0.0046273638,-1.2874008e-05,0.008342133,0.0068203364,-0.0012774104,-0.0020688677,0.005755707,0.00814202,0.008371998,-0.0010703236,0.005931027,-0.0015657825,0.007603724,0.0024434328
0.0047955634,-0.009940809,0.009107839,-0.0054682754,-0.009849983,-0.0023172868,-0.0024398726,-0.0027359796,-0.005740133,0.004711039,-0.0064856214,0.00852257,-0.008887219,0.004451413,-0.004580431,0.0085999705,-0.008663592,-0.006614928,-0.005294212,0.003743695,0.00864017,0.005093489,-0.009800803,-0.0036651671,-0.00081645965,0.0032765032,0.009521788,-0.00954698,0.009087849,-0.0024967098,0.0074694813,0.008768268,0.00015196443,-0.008312469,0.009705619,-0.00030399443,-0.0014860124,-0.004004,0.005045757,0.00022124886,0.0033894586,-0.0019242156,-0.0015738112,-0.009863239,0.0030450737,0.0061911438,0.00033411145,0.0050141276,0.008834035,-0.0018085605
0.0057303323,-0.009625656,-0.0063274098,-0.009341164,-0.007537967,0.00073048234,-0.0032814909,-0.0020825136,0.009373656,0.006098279,0.0074530435,-0.0039823367,-0.006107685,-0.00096211315,0.0010362697,0.007944679,0.006430266,-0.006787468,-0.0041689742,0.0053619384,-0.0045032483,0.0075200964,0.0005480194,0.008070421,-0.0014273906,-0.0034266352,0.0054201675,0.008640089,0.0034182118,-0.008367778,0.0014498532,-0.009631479,-0.009118633,0.0074781715,0.0017465007,0.004172096,-0.0033017676,0.0057128835,-0.0010428173,0.0038815523,-0.008516605,0.0012927866,0.0021375536,0.0034734977,-0.0052300217,-0.0027933365,0.0040039243,0.0054872786,-0.009914836,-0.0029268544
0.008200987,0.009685315,-0.00040922762,0.0012538922,0.0036855328,0.0016197085,-0.0033110888,0.0011249578,-0.006196773,-0.0039439388,0.005306286,0.007887543,-0.005407821,-0.0060589076,0.0065290425,-0.005460087,0.0052305376,0.0073394384,-0.0028807563,0.0030811226,-0.003413757,0.0077637685,-0.0010251183,-0.004316075,0.005828707,0.007902669,-0.0047729597,-0.0065071736,-0.0015271252,0.0037082743,-0.005399734,0.0002650702,-0.009701221,-0.0022651805,0.009126322,0.005922009,-0.008082457,0.009375435,0.0084056435,3.1900407e-05,-0.00079764426,0.0043198313,-0.007959252,0.004203496,-0.009796897,0.0066580833,-0.009144816,-0.0024593843,0.007841884,-0.005772256
0.008021713,0.008739067,-0.0052002715,0.0075155175,0.0005285728,0.0016375041,-0.0082415305,-0.006540397,0.0091253435,-0.007984226,-0.0070595383,0.0031251896,-0.008648571,-0.0012783683,-0.005304707,-0.0061437874,-0.0030955255,-0.002819891,-0.0069086566,0.006754564,-0.003637913,-0.009806681,0.00389907,-0.0069270395,0.007228004,0.0073529137,-0.005288681,-0.0021407933,0.009628418,-0.0036720193,-0.0055985404,-0.007061307,0.009179059,0.007913951,0.009770015,0.0038922715,-0.0045105517,-0.00704242,0.00442021,0.0067934585,0.0022336768,-0.00090137305,-2.1523832e-05,0.009413778,-0.007893223,-0.0076501286,-0.008398006,-0.00799421,0.005447148,-0.0045466833
0.007325144,-0.002790445,0.0027245712,0.007742068,-0.0036903655,-0.0066288603,-0.002016385,0.008066509,0.0020062125,0.009355009,0.00063657877,-0.002325189,-0.002295869,0.0013293171,0.0013279235,-0.0053181387,0.007098434,0.004722885,0.006502364,0.007092012,-0.0023878205,0.0038170684,0.0057557714,0.0014605545,-0.009170644,0.004144849,-0.008505314,0.003196149,0.008190288,0.006002793,0.0043949042,0.0028990542,-0.006144787,0.00964288,-0.003672549,-0.008966415,0.0061687026,-0.0021837747,-0.0037140686,-0.008959176,0.0050563826,0.0031207586,-0.009204195,-0.0041515506,0.0037646496,0.0020352649,-0.0068411734,-0.004454962,0.0019240403,-0.0052121487
0.003747636,-0.0036300397,0.0049865856,0.0060504805,0.0017643846,0.0065848706,-0.0011448258,-0.0098798815,0.002609732,0.007110821,0.0026396872,0.0012877763,-0.003670876,-0.0013523042,-0.0014150083,0.00943398,-0.009360146,0.00094683765,0.0072394325,0.008689573,0.0019125402,0.0006919312,-0.0035213102,0.009830403,-0.0041915453,0.008007415,0.0021615361,-0.0075728805,0.00051186205,-0.0018152732,0.009785538,-0.0094694905,-0.007264453,-0.0016622335,-0.008360837,0.0073748864,-0.001766743,0.0017631996,0.0070945336,0.0007708704,-0.0037871294,0.005855298,0.008524643,-0.0028197013,0.0042600944,-0.0058670044,0.004601263,-0.008771997,-0.004046825,-0.0037582486
-0.0028797812,0.00066391705,-0.0011001063,0.0007952416,-0.009533434,0.004602699,-0.0019686883,-0.003556817,0.006077094,-0.009346082,0.005081571,0.0034803175,-0.0032952416,-0.002898776,-0.004127027,0.0033646857,-0.00016747355,-0.004328577,0.0047828807,0.0019306481,-0.0034645773,-0.0075142398,7.665157e-07,-0.0042847465,-0.0039418237,-0.006974778,-0.0022802062,-0.00826867,0.008867692,0.0012890626,-0.0023813748,0.004254329,-0.0027900457,-0.006057622,0.0075468244,-0.0013034827,-0.008015409,0.009440967,0.008014145,0.0075900303,0.006195192,0.0053311572,-0.0077534597,0.0020518613,-0.009808997,-0.004328744,-0.0014295423,0.008528842,-0.0025865363,0.0014744413
-0.0018151957,-0.0037612969,0.0010734976,-0.0020026362,-0.0066788197,0.0014243126,0.0043521156,0.007497047,-0.0031704532,-0.0023668848,0.0025449812,0.005786231,0.009130848,0.009150833,0.0073238933,0.00070923805,-0.004743621,-0.0037511634,-0.009050903,-0.0015386469,-0.006671973,0.0037107528,-0.0066999937,-0.0039814855,0.006156974,-0.008673831,-0.0041209827,0.0032457625,0.005644766,-0.0036068547,0.0050222483,0.0009830082,0.0078010727,-0.0042984057,-0.0012568497,0.0093517415,-0.0014693653,0.0020876252,-0.0023336804,0.0034108877,-0.004682579,-0.0018228149,0.00876241,-0.0088201575,0.00022952915,0.0046075773,0.0028100251,0.0006270397,-0.009351534,-0.0012659937
-4.663646e-05,-0.0052374005,-0.001646958,0.00942923,-0.0011331248,-0.003019765,-0.005876234,-0.0065733897,-0.0065458184,-0.0017396891,-0.004907133,0.0006810677,0.005564562,0.004788761,-0.0056414646,-0.008937866,0.00374565,-0.006414083,-0.0024333596,0.0056295716,0.0075366404,-0.002506624,0.003998579,0.009451683,-0.00952496,-0.0036504073,-0.00812493,0.0003195858,0.0057025217,0.003495289,0.00042319894,0.0067491676,-0.005385925,-0.0071672737,0.0007532191,0.0022850977,0.007933048,-0.0027633845,0.0029659295,-0.00987382,-0.009224845,0.00020317316,-0.0046311826,0.002200414,-0.006752295,-0.004213619,-0.0098526245,-0.005962589,0.008832114,-0.00090448675
-0.0002660835,0.003396001,0.005571039,0.009174636,0.008806446,0.007753159,0.0021653534,0.009731434,0.009945336,-0.00565082,-0.009417507,0.0014103818,0.0021907557,-0.006715753,-0.0054895747,0.007149322,-0.005361401,-0.006045518,0.0051370906,-0.0023485804,0.009861087,-0.008330141,-0.007210137,-0.0011643654,-8.108735e-05,0.008385855,-0.005715823,-0.00657109,0.008525965,0.008259945,-0.0025718326,-0.0003266591,-0.0014953625,0.008616409,0.0027085673,0.0067341304,0.0049081026,-0.00687999,-0.009236003,-0.008279357,-0.0027855372,-0.0060070995,0.0032742356,-0.0028083401,0.00825593,-0.009847301,0.0061725546,0.0037412823,-0.008858582,0.004695196
-0.002422421,-0.0038479555,0.008308313,-0.0026363872,0.0098091075,-0.0015839362,-0.0055858274,0.009153073,0.008283786,-0.008522465,-0.0020498056,0.00809553,0.008769202,0.0040717805,-0.005025585,-0.0006192738,-0.00866829,-0.0054268884,-0.00067442656,0.002364651,0.009381476,-0.0018888384,0.009959454,-0.0040412974,0.003172171,0.008361,-0.0021079802,-0.00083278655,-8.839548e-05,0.007560321,-0.0027622902,0.0031461501,0.0064086164,-0.0006117517,-0.008280415,0.004931573,0.004999374,-0.00970896,0.006000036,-0.0030742234,0.00040733218,0.00226074,-0.00018601,0.002561872,-0.0023874526,-0.0059210863,0.009794218,0.008264525,-0.0062477263,0.007149284
0.0059898985,-0.0017933106,0.006006522,0.007459072,0.009283386,0.007919553,0.009019008,-0.0075904666,0.0032909382,-0.0013642531,0.00786932,-0.0034463448,-0.0023952753,0.00010754704,0.0021883822,0.00013507843,0.0073729493,0.008415206,-0.005312896,0.008800176,0.002764392,0.001992148,-0.004650158,-0.008846947,0.0016966378,-0.0047672773,0.006516025,-0.009005872,0.0060838927,0.0046640313,-0.008341528,0.0063853874,-0.007866705,5.289197e-05,0.0042306483,0.0014603818,0.0037629963,-0.0005432105,0.0050130403,0.0034161294,-0.0031789423,0.008328549,0.0026902938,-0.006698347,-0.00013725937,-0.0013266027,-0.007713854,-0.0098535605,0.0048295236,0.0067136954
-0.0045239357,-0.0071768295,-0.0076163663,-0.00092288497,-0.008756994,0.005132942,0.009088803,-0.00036256431,0.0084658945,0.007833833,0.009604177,0.0026405656,-0.008475965,0.009671008,-0.006566207,0.0025166415,-0.004895608,0.001048187,0.0023477995,0.008379736,-0.006879013,-0.0058388673,-0.009720114,0.004404038,-0.009430038,0.0068488466,0.009032662,-0.009198877,0.008290798,0.0075998306,0.0057907663,-0.009534327,-0.009195438,0.0063331663,0.0019497013,-0.005740232,0.0020965792,-0.0052618827,0.009846148,0.00018885254,0.0018805147,-0.008319576,-0.002712779,-0.0042408775,0.0050660013,0.003985784,0.0035671461,0.009424045,0.0077383793,-0.0013695842
2.268672e-05,-0.008679288,0.006926386,0.003046241,0.0064443983,0.004354117,-0.004799791,0.0045556426,-0.002521037,0.00146384,0.0048515843,4.4512748e-05,-0.0017504048,-0.005274657,0.007703217,-0.0037789375,-0.0060134865,0.0014614117,-0.005538906,0.0023234093,0.007901536,-0.0004723209,-0.008712508,0.0020443033,0.004431118,0.007922728,0.0028822934,-0.0075167324,0.009154042,0.0032928109,-0.002191677,-0.007006028,-0.008520191,-0.00970119,0.0043344116,-0.00245643,0.0059407474,-0.0077651534,0.0031912017,-0.004682711,-0.0032344502,-0.0044669155,-0.008633185,-0.0049959333,0.009073249,-0.0073855566,0.009017166,-0.0094272895,0.00084868073,-0.0058707534
-0.0060256543,-0.008493496,0.0013533819,0.0018519616,0.007352278,-0.00892642,-0.0028393315,-0.008645082,0.0010377979,-0.0013723106,0.0032527007,-0.009442112,-0.008537305,0.0061675226,-0.0006882882,-0.0024711401,0.0046057487,0.006710764,0.0035382735,0.0025606477,-0.0045246207,-0.0022490858,0.00914343,0.0003592038,0.0018527126,-0.006870052,-0.008414104,-0.0032723623,0.005747819,-0.0036812676,-0.005651329,-0.0038530112,0.004118243,-0.00577312,-0.0058730366,0.00020849227,0.008657691,0.0086617125,0.0007417655,-0.00027163504,-0.0010726368,0.003721968,0.0034622978,0.0069337096,0.009666291,-0.008577101,-0.0062575922,-0.0063511715,-0.009491148,0.0021303915
-0.00846146,0.0017678965,-0.0026496095,0.00710433,0.005844159,-0.0066395854,0.0026790393,0.0040465426,-0.006871896,-0.0022009443,0.0024298644,0.007387588,-0.009906808,-0.0002271086,0.00987662,0.0022807408,0.005567478,0.0002840352,-0.0036138964,-0.00971476,-0.0003840214,0.005554415,-0.007936513,-0.005864744,-0.0025633432,-0.008244875,-0.0036634123,-0.0043404973,-0.0076385946,-0.00859721,-0.0030514754,0.007307651,-0.0047591086,-0.0060371067,-0.008125779,0.006384488,-0.0048441254,0.0031567586,-0.0067518414,0.006552205,0.0024445606,0.0050301673,0.0067240205,0.00065635564,0.0027430821,0.0051263655,-0.0027669626,0.0074203075,0.0028577351,0.0092384
-0.009865987,-0.008129813,-0.0072034914,0.006295402,0.006239636,0.007582401,-0.0020741767,0.008275395,0.00636572,-0.009436717,0.00093960046,0.007930437,-0.008021924,0.0012502527,-0.0015163565,0.00017372132,0.009607806,-0.0016910493,-0.00078988017,-0.0068462254,0.0039331364,-0.0030464148,-0.0018411302,0.008529152,-0.0071252813,-0.009664339,0.0060068117,0.0006630886,0.0046238075,0.0015238487,0.005014106,0.006028229,0.006900345,-0.004895001,-0.00958629,0.002406063,0.005686173,0.00085195544,0.0042078625,-0.005616162,0.0013359237,0.0033368946,-0.0027067196,0.0010742128,0.003742881,0.0052197576,0.005743842,0.005550517,-0.0003961748,0.0055209277
0.0059898985,-0.0017933106,0.006006522,0.007459072,0.009283386,0.007919553,0.009019008,-0.0075904666,0.0032909382,-0.0013642531,0.00786932,-0.0034463448,-0.0023952753,0.00010754704,0.0021883822,0.00013507843,0.0073729493,0.008415206,-0.005312896,0.008800176,0.002764392,0.001992148,-0.004650158,-0.008846947,0.0016966378,-0.0047672773,0.006516025,-0.009005872,0.0060838927,0.0046640313,-0.008341528,0.0063853874,-0.007866705,5.289197e-05,0.0042306483,0.0014603818,0.0037629963,-0.0005432105,0.0050130403,0.0034161294,-0.0031789423,0.008328549,0.0026902938,-0.006698347,-0.00013725937,-0.0013266027,-0.007713854,-0.0098535605,0.0048295236,0.0067136954
-0.0052084224,-0.003499273,0.0068085133,0.0074507953,-0.009147852,-0.00977833,-0.003733228,-0.0065328586,-0.005090317,-0.0017741323,0.0006528902,-0.005783421,0.005919093,-0.0052108155,0.0068758763,0.0023920285,-0.0031624937,-0.0054104794,0.0053916527,-0.0036953466,0.0021428538,-0.008595004,0.009711445,-0.0017980635,0.002385975,-0.0055716755,0.006688956,0.0011605525,-0.002905171,0.0040706526,0.0064178277,-0.008368491,-0.0013978803,-0.0055420734,-0.007430755,-0.0071665193,0.004691627,-0.0015068108,-0.008105278,-0.0047781914,-0.0068945396,0.0010107983,-0.0025924635,0.0030749582,0.009781939,0.0023832023,-0.0007046789,0.0078031626,-0.007065326,-0.005846843
